1,399958,sz,创业成长,,,True,False
2,399957,sz,300运输,,,True,False
3,399956,sz,国企200,,,True,False
4,399954,sz,地企100,,,True,False
5,399953,sz,中证地企,,,True,False
6,399952,sz,300地产,,,True,False
7,399951,sz,300银行,,,True,False
8,399950,sz,300基建,,,True,False
9,399949,sz,内地农业,,,True,False
10,399948,sz,内地地产,,,True,False
11,399947,sz,内地银行,,,True,False
12,399946,sz,内地金融,,,True,False
13,399945,sz,内地运输,,,True,False
14,399944,sz,内地资源,,,True,False
15,399943,sz,内地基建,,,True,False
16,399942,sz,内地消费,,,True,False
17,399941,sz,新能源,,,True,False
18,399939,sz,民企200,,,True,False
19,399938,sz,中证民企,,,True,False
20,399937,sz,中证公用,,,True,False
21,399936,sz,中证电信,,,True,False
22,399935,sz,中证信息,,,True,False
23,399934,sz,中证金融,,,True,False
24,399933,sz,中证医药,,,True,False
25,399932,sz,中证消费,,,True,False
26,399931,sz,中证可选,,,True,False
27,399930,sz,中证工业,,,True,False
28,399929,sz,中证材料,,,True,False
29,399928,sz,中证能源,,,True,False
30,399927,sz,央企100,,,True,False
31,399926,sz,中证央企,,,True,False
32,399925,sz,基本面50,,,True,False
33,399922,sz,中证红利,,,True,False
34,399920,sz,沪深300信用,,,True,False
35,399919,sz,沪深300价值,,,True,False
36,399918,sz,沪深300成长,,,True,False
37,399917,sz,沪深300公用,,,True,False
38,399916,sz,沪深300电信,,,True,False
39,399915,sz,沪深300信息,,,True,False
40,399914,sz,沪深300金融,,,True,False
41,399913,sz,沪深300医药,,,True,False
42,399912,sz,沪深300消费,,,True,False
43,399911,sz,沪深300可选,,,True,False
44,399910,sz,沪深300工业,,,True,False
45,399909,sz,沪深300材料,,,True,False
46,399908,sz,沪深300能源,,,True,False
47,399907,sz,中证700,,,True,False
48,399905,sz,中证500,,,True,False
49,399904,sz,中证200,,,True,False
50,399903,sz,中证100,,,True,False
51,399901,sz,小康指数,,,True,False
52,399809,sz,保险主题,,,True,False
53,399808,sz,中证新能,,,True,False
54,399807,sz,高铁产业,,,True,False
55,399806,sz,环境治理,,,True,False
56,399805,sz,互联金融,,,True,False
57,399804,sz,中证体育,,,True,False
58,399803,sz,工业4.0,,,True,False
59,399802,sz,500深市,,,True,False
60,399706,sz,深证下游,,,True,False
61,399705,sz,深证中游,,,True,False
62,399704,sz,深证上游,,,True,False
63,399703,sz,深证F200,,,True,False
64,399702,sz,深证F120,,,True,False
65,399701,sz,深证F60,,,True,False
66,399679,sz,深证200R,,,True,False
67,399678,sz,深次新股,,,True,False
68,399677,sz,深互联EW,,,True,False
69,399676,sz,深医药EW,,,True,False
70,399675,sz,深互联网,,,True,False
71,399674,sz,深A医药,,,True,False
72,399673,sz,创业板50,,,True,False
73,399672,sz,深红利50,,,True,False
74,399671,sz,深防御50,,,True,False
75,399670,sz,深周期50,,,True,False
76,399669,sz,深证农业,,,True,False
77,399668,sz,创业板V,,,True,False
78,399667,sz,创业板G,,,True,False
79,399666,sz,中创高贝,,,True,False
80,399665,sz,中创低波,,,True,False
81,399664,sz,中小高贝,,,True,False
82,399663,sz,中小低波,,,True,False
83,399662,sz,深证高贝,,,True,False
84,399661,sz,深证低波,,,True,False
85,399660,sz,中创EW,,,True,False
86,399659,sz,深成指EW,,,True,False
87,399658,sz,中小绩效,,,True,False
88,399657,sz,300绩效,,,True,False
89,399656,sz,100绩效,,,True,False
90,399655,sz,深证绩效,,,True,False
91,399654,sz,深证文化,,,True,False
92,399653,sz,深证龙头,,,True,False
93,399652,sz,中创高新,,,True,False
94,399651,sz,中小板责任,,,True,False
95,399650,sz,中小板治理,,,True,False
96,399649,sz,中小板红利,,,True,False
97,399648,sz,深证GDP100,,,True,False
98,399647,sz,深医药50,,,True,False
99,399646,sz,深消费50,,,True,False
100,399645,sz,100低波,,,True,False
101,399644,sz,深证时钟,,,True,False
102,399643,sz,创业新兴,,,True,False
103,399642,sz,中小新兴,,,True,False
104,399641,sz,深证新兴,,,True,False
105,399640,sz,创业基础,,,True,False
106,399639,sz,深证大宗,,,True,False
107,399638,sz,深证环保,,,True,False
108,399637,sz,深证地产,,,True,False
109,399636,sz,深证装备,,,True,False
110,399635,sz,创业板EW,,,True,False
111,399634,sz,中小板EW,,,True,False
112,399633,sz,深300EW,,,True,False
113,399632,sz,深100EW,,,True,False
114,399631,sz,1000价值,,,True,False
115,399630,sz,1000成长,,,True,False
116,399629,sz,700价值,,,True,False
117,399628,sz,700成长,,,True,False
118,399627,sz,中创500价值,,,True,False
119,399626,sz,中创500成长,,,True,False
120,399625,sz,中创500,,,True,False
121,399624,sz,中创400,,,True,False
122,399623,sz,中小基础,,,True,False
123,399622,sz,深证公用,,,True,False
124,399621,sz,深证电信,,,True,False
125,399620,sz,深证信息,,,True,False
126,399619,sz,深证金融,,,True,False
127,399618,sz,深证医药,,,True,False
128,399617,sz,深证消费,,,True,False
129,399616,sz,深证可选,,,True,False
130,399615,sz,深证工业,,,True,False
131,399614,sz,深证材料,,,True,False
132,399613,sz,深证能源,,,True,False
133,399612,sz,中创100,,,True,False
134,399611,sz,中创100R,,,True,False
135,399610,sz,TMT50,,,True,False
136,399608,sz,科技100,,,True,False
137,399606,sz,创业板指R,,,True,False
138,399604,sz,中小价值,,,True,False
139,399602,sz,中小成长,,,True,False
140,399557,sz,央视文化,,,True,False
141,399556,sz,央视生态,,,True,False
142,399555,sz,央视责任,,,True,False
143,399554,sz,央视治理,,,True,False
144,399553,sz,央视回报,,,True,False
145,399552,sz,央视成长,,,True,False
146,399551,sz,央视创新,,,True,False
147,399550,sz,央视50,,,True,False
148,399441,sz,生物医药,,,True,False
149,399440,sz,国证钢铁,,,True,False
150,399439,sz,国证油气,,,True,False
151,399438,sz,国证电力,,,True,False
152,399437,sz,国证证券,,,True,False
153,399436,sz,国证煤炭,,,True,False
154,399435,sz,国证农牧,,,True,False
155,399434,sz,国证传媒,,,True,False
156,399433,sz,国证交运,,,True,False
157,399432,sz,国证汽车,,,True,False
158,399431,sz,国证银行,,,True,False
159,399429,sz,新丝路,,,True,False
160,399428,sz,国证定增,,,True,False
161,399427,sz,专利领先,,,True,False
162,399423,sz,中关村50,,,True,False
163,399420,sz,国证保证,,,True,False
164,399419,sz,国证高铁,,,True,False
165,399418,sz,国证国安,,,True,False
166,399417,sz,新能源车,,,True,False
167,399416,sz,I300,,,True,False
168,399415,sz,I100,,,True,False
169,399412,sz,国证新能,,,True,False
170,399411,sz,红利100,,,True,False
171,399410,sz,苏州率先,,,True,False
172,399409,sz,小盘高贝,,,True,False
173,399408,sz,小盘低波,,,True,False
174,399407,sz,中盘高贝,,,True,False
175,399406,sz,中盘低波,,,True,False
176,399405,sz,大盘高贝,,,True,False
177,399404,sz,大盘低波,,,True,False
178,399403,sz,防御100,,,True,False
179,399402,sz,周期100,,,True,False
180,399401,sz,中小盘,,,True,False
181,399400,sz,大中盘,,,True,False
182,399399,sz,中经GDP,,,True,False
183,399398,sz,绩效指数,,,True,False
184,399397,sz,OCT文化,,,True,False
185,399396,sz,国证食品,,,True,False
186,399395,sz,国证有色,,,True,False
187,399394,sz,国证医药,,,True,False
188,399393,sz,国证地产,,,True,False
189,399392,sz,国证新兴,,,True,False
190,399391,sz,投资时钟,,,True,False
191,399390,sz,1000公用,,,True,False
192,399389,sz,国证通信,,,True,False
193,399388,sz,1000信息,,,True,False
194,399387,sz,1000金融,,,True,False
195,399386,sz,1000医药,,,True,False
196,399385,sz,1000消费,,,True,False
197,399384,sz,1000可选,,,True,False
198,399383,sz,1000工业,,,True,False
199,399382,sz,1000材料,,,True,False
200,399381,sz,1000能源,,,True,False
201,399378,sz,南方低碳,,,True,False
202,399377,sz,小盘价值,,,True,False
203,399376,sz,小盘成长,,,True,False
204,399375,sz,中盘价值,,,True,False
205,399374,sz,中盘成长,,,True,False
206,399373,sz,大盘价值,,,True,False
207,399372,sz,大盘成长,,,True,False
208,399371,sz,国证价值,,,True,False
209,399370,sz,国证成长,,,True,False
210,399369,sz,CBN-兴全,,,True,False
211,399368,sz,国证军工,,,True,False
212,399367,sz,巨潮地产,,,True,False
213,399366,sz,国证大宗,,,True,False
214,399365,sz,国证农业,,,True,False
215,399364,sz,中金消费,,,True,False
216,399363,sz,计算机指,,,True,False
217,399362,sz,国证民营,,,True,False
218,399361,sz,国证商业,,,True,False
219,399360,sz,国证装备,,,True,False
220,399359,sz,国证基建,,,True,False
221,399358,sz,泰达环保指数,,,True,False
222,399357,sz,CBN渤海,,,True,False
223,399356,sz,CBN珠江,,,True,False
224,399355,sz,CBN长江,,,True,False
225,399354,sz,分析师指数,,,True,False
226,399353,sz,国证物流,,,True,False
227,399352,sz,深报综指,,,True,False
228,399351,sz,深圳报业指数,,,True,False
229,399350,sz,皖江30,,,True,False
230,399348,sz,深证价值,,,True,False
231,399346,sz,深证成长,,,True,False
232,399344,sz,深证300R,,,True,False
233,399341,sz,深证责任,,,True,False
234,399339,sz,深证科技,,,True,False
235,399337,sz,深证民营,,,True,False
236,399335,sz,深证央企,,,True,False
237,399333,sz,中小板指R,,,True,False
238,399332,sz,深证创新,,,True,False
239,399330,sz,深证100,,,True,False
240,399328,sz,深证治理,,,True,False
241,399326,sz,成长40,,,True,False
242,399324,sz,深证红利,,,True,False
243,399322,sz,国证治理,,,True,False
244,399321,sz,国证红利,,,True,False
245,399320,sz,国证服务,,,True,False
246,399319,sz,资源优势,,,True,False
247,399318,sz,国证B指,,,True,False
248,399317,sz,国证A指,,,True,False
249,399316,sz,巨潮小盘,,,True,False
250,399315,sz,巨潮中盘,,,True,False
251,399314,sz,巨潮大盘,,,True,False
252,399313,sz,巨潮100,,,True,False
253,399312,sz,国证300,,,True,False
254,399311,sz,国证1000,,,True,False
255,399310,sz,国证50,,,True,False
256,399303,sz,国证2000,,,True,False
257,399300,sz,沪深300,,,True,False
258,399249,sz,综企指数,,,True,False
259,399248,sz,文化指数,,,True,False
260,399244,sz,公共指数,,,True,False
261,399243,sz,科研指数,,,True,False
262,399242,sz,商务指数,,,True,False
263,399241,sz,地产指数,,,True,False
264,399240,sz,金融指数,,,True,False
265,399239,sz,IT指数,,,True,False
266,399238,sz,餐饮指数,,,True,False
267,399237,sz,运输指数,,,True,False
268,399236,sz,批零指数,,,True,False
269,399235,sz,建筑指数,,,True,False
270,399234,sz,水电指数,,,True,False
271,399233,sz,制造指数,,,True,False
272,399232,sz,采矿指数,,,True,False
273,399231,sz,农林指数,,,True,False
274,399108,sz,深证B指,,,True,False
275,399107,sz,深证A指,,,True,False
276,399106,sz,深证综指,,,True,False
277,399102,sz,创业板综,,,True,False
278,399101,sz,中小板综,,,True,False
279,399100,sz,深证新综指,,,True,False
280,399015,sz,中小创新,,,True,False
281,399013,sz,深市精选,,,True,False
282,399012,sz,创业300,,,True,False
283,399011,sz,深证1000,,,True,False
284,399010,sz,深证700,,,True,False
285,399009,sz,深证200,,,True,False
286,399008,sz,中小300,,,True,False
287,399007,sz,深证300,,,True,False
288,399006,sz,创业板指,,,True,False
289,399005,sz,中小板指,,,True,False
290,399004,sz,深证100R,,,True,False
291,399003,sz,深成B指,,,True,False
292,399002,sz,深成指R,,,True,False
293,399001,sz,深证成指,,,True,False
294,002896,sz,中大力德,,,False,False
295,002895,sz,川恒股份,,,False,False
296,002893,sz,华通热力,,,False,False
297,002892,sz,N科力尔,,,False,False
298,002891,sz,中宠股份,,,False,False
299,002890,sz,弘宇股份,,,False,False
300,002889,sz,东方嘉盛,,,False,False
301,002888,sz,惠威科技,,,False,False
302,002887,sz,绿茵生态,,,False,False
303,002886,sz,沃特股份,,,False,False
304,002885,sz,京泉华,,,False,False
305,002884,sz,凌霄泵业,,,False,False
306,002883,sz,中设股份,,,False,False
307,002882,sz,金龙羽,,,False,False
308,002881,sz,美格智能,,,False,False
309,002880,sz,卫光生物,,,False,False
310,002879,sz,长缆科技,,,False,False
311,002878,sz,元隆雅图,,,False,False
312,002877,sz,智能自控,,,False,False
313,002876,sz,三利谱,,,False,False
314,002875,sz,安奈儿,,,False,False
315,002873,sz,新天药业,,,False,False
316,002872,sz,天圣制药,,,False,False
317,002871,sz,伟隆股份,,,False,False
318,002870,sz,香山股份,,,False,False
319,002869,sz,金溢科技,,,False,False
320,002868,sz,绿康生化,,,False,False
321,002867,sz,周大生,,,False,False
322,002866,sz,传艺科技,,,False,False
323,002865,sz,钧达股份,,,False,False
324,002863,sz,今飞凯达,,,False,False
325,002862,sz,实丰文化,,,False,False
326,002861,sz,瀛通通讯,,,False,False
327,002860,sz,星帅尔,,,False,False
328,002859,sz,洁美科技,,,False,False
329,002858,sz,力盛赛车,,,False,False
330,002857,sz,三晖电气,,,False,False
331,002856,sz,美芝股份,,,False,False
332,002855,sz,捷荣技术,,,False,False
333,002853,sz,皮阿诺,,,False,False
334,002852,sz,道道全,,,False,False
335,002851,sz,麦格米特,,,False,False
336,002850,sz,科达利,,,False,False
337,002849,sz,威星智能,,,False,False
338,002848,sz,高斯贝尔,,,False,False
339,002847,sz,盐津铺子,,,False,False
340,002846,sz,英联股份,,,False,False
341,002845,sz,同兴达,,,False,False
342,002843,sz,泰嘉股份,,,False,False
343,002842,sz,翔鹭钨业,,,False,False
344,002841,sz,视源股份,,,False,False
345,002840,sz,华统股份,,,False,False
346,002839,sz,张家港行,,,False,False
347,002838,sz,道恩股份,,,False,False
348,002837,sz,英维克,,,False,False
349,002836,sz,新宏泽,,,False,False
350,002835,sz,同为股份,,,False,False
351,002833,sz,弘亚数控,,,False,False
352,002832,sz,比音勒芬,,,False,False
353,002831,sz,裕同科技,,,False,False
354,002830,sz,名雕股份,,,False,False
355,002829,sz,星网宇达,,,False,False
356,002828,sz,贝肯能源,,,False,False
357,002827,sz,高争民爆,,,False,False
358,002826,sz,易明医药,,,False,False
359,002825,sz,纳尔股份,,,False,False
360,002824,sz,和胜股份,,,False,False
361,002823,sz,凯中精密,,,False,False
362,002822,sz,中装建设,,,False,False
363,002821,sz,凯莱英,,,False,False
364,002820,sz,桂发祥,,,False,False
365,002819,sz,东方中科,,,False,False
366,002818,sz,富森美,,,False,False
367,002817,sz,黄山胶囊,,,False,False
368,002816,sz,和科达,,,False,False
369,002815,sz,崇达技术,,,False,False
370,002813,sz,路畅科技,,,False,False
371,002812,sz,创新股份,,,False,False
372,002811,sz,亚泰国际,,,False,False
373,002810,sz,山东赫达,,,False,False
374,002809,sz,红墙股份,,,False,False
375,002808,sz,苏州恒久,,,False,False
376,002807,sz,江阴银行,,,False,False
377,002806,sz,华锋股份,,,False,False
378,002805,sz,丰元股份,,,False,False
379,002803,sz,吉宏股份,,,False,False
380,002802,sz,洪汇新材,,,False,False
381,002801,sz,微光股份,,,False,False
382,002800,sz,天顺股份,,,False,False
383,002799,sz,环球印务,,,False,False
384,002798,sz,帝王洁具,,,False,False
385,002797,sz,第一创业,,,False,False
386,002796,sz,世嘉科技,,,False,False
387,002795,sz,永和智控,,,False,False
388,002793,sz,东音股份,,,False,False
389,002792,sz,通宇通讯,,,False,False
390,002791,sz,坚朗五金,,,False,False
391,002790,sz,瑞尔特,,,False,False
392,002789,sz,建艺集团,,,False,False
393,002788,sz,鹭燕医药,,,False,False
394,002787,sz,华源控股,,,False,False
395,002786,sz,银宝山新,,,False,False
396,002785,sz,万里石,,,False,False
397,002783,sz,凯龙股份,,,False,False
398,002782,sz,可立克,,,False,False
399,002781,sz,奇信股份,,,False,False
400,002780,sz,三夫户外,,,False,False
401,002779,sz,中坚科技,,,False,False
402,002778,sz,高科石化,,,False,False
403,002777,sz,久远银海,,,False,False
404,002776,sz,柏堡龙,,,False,False
405,002775,sz,文科园林,,,False,False
406,002774,sz,快意电梯,,,False,False
407,002773,sz,康弘药业,,,False,False
408,002772,sz,众兴菌业,,,False,False
409,002771,sz,真视通,,,False,False
410,002770,sz,科迪乳业,,,False,False
411,002769,sz,普路通,,,False,False
412,002768,sz,国恩股份,,,False,False
413,002767,sz,先锋电子,,,False,False
414,002766,sz,索菱股份,,,False,False
415,002765,sz,蓝黛传动,,,False,False
416,002763,sz,汇洁股份,,,False,False
417,002762,sz,金发拉比,,,False,False
418,002761,sz,多喜爱,,,False,False
419,002760,sz,凤形股份,,,False,False
420,002759,sz,天际股份,,,False,False
421,002758,sz,华通医药,,,False,False
422,002757,sz,南兴装备,,,False,False
423,002756,sz,永兴特钢,,,False,False
424,002755,sz,东方新星,,,False,False
425,002753,sz,永东股份,,,False,False
426,002752,sz,昇兴股份,,,False,False
427,002751,sz,易尚展示,,,False,False
428,002750,sz,龙津药业,,,False,False
429,002749,sz,国光股份,,,False,False
430,002748,sz,世龙实业,,,False,False
431,002747,sz,埃斯顿,,,False,False
432,002746,sz,仙坛股份,,,False,False
433,002745,sz,木林森,,,False,False
434,002743,sz,富煌钢构,,,False,False
435,002742,sz,三圣股份,,,False,False
436,002741,sz,光华科技,,,False,False
437,002740,sz,爱迪尔,,,False,False
438,002739,sz,万达电影,,,False,False
439,002738,sz,中矿资源,,,False,False
440,002737,sz,葵花药业,,,False,False
441,002736,sz,国信证券,,,False,False
442,002735,sz,王子新材,,,False,False
443,002734,sz,利民股份,,,False,False
444,002733,sz,雄韬股份,,,False,False
445,002732,sz,燕塘乳业,,,False,False
446,002731,sz,萃华珠宝,,,False,False
447,002730,sz,电光科技,,,False,False
448,002729,sz,好利来,,,False,False
449,002728,sz,特一药业,,,False,False
450,002727,sz,一心堂,,,False,False
451,002726,sz,龙大肉食,,,False,False
452,002725,sz,跃岭股份,,,False,False
453,002724,sz,海洋王,,,False,False
454,002723,sz,金莱特,,,False,False
455,002722,sz,金轮股份,,,False,False
456,002721,sz,金一文化,,,False,False
457,002719,sz,麦趣尔,,,False,False
458,002718,sz,友邦吊顶,,,False,False
459,002717,sz,岭南园林,,,False,False
460,002716,sz,金贵银业,,,False,False
461,002715,sz,登云股份,,,False,False
462,002714,sz,牧原股份,,,False,False
463,002713,sz,东易日盛,,,False,False
464,002712,sz,思美传媒,,,False,False
465,002711,sz,欧浦智网,,,False,False
466,002709,sz,天赐材料,,,False,False
467,002708,sz,光洋股份,,,False,False
468,002707,sz,众信旅游,,,False,False
469,002706,sz,良信电器,,,False,False
470,002705,sz,新宝股份,,,False,False
471,002703,sz,浙江世宝,,,False,False
472,002702,sz,海欣食品,,,False,False
473,002701,sz,奥瑞金,,,False,False
474,002700,sz,新疆浩源,,,False,False
475,002699,sz,美盛文化,,,False,False
476,002698,sz,博实股份,,,False,False
477,002697,sz,红旗连锁,,,False,False
478,002696,sz,百洋股份,,,False,False
479,002695,sz,煌上煌,,,False,False
480,002694,sz,顾地科技,,,False,False
481,002693,sz,双成药业,,,False,False
482,002692,sz,睿康股份,,,False,False
483,002691,sz,冀凯股份,,,False,False
484,002690,sz,美亚光电,,,False,False
485,002689,sz,远大智能,,,False,False
486,002688,sz,金河生物,,,False,False
487,002687,sz,乔治白,,,False,False
488,002686,sz,亿利达,,,False,False
489,002685,sz,华东重机,,,False,False
490,002684,sz,猛狮科技,,,False,False
491,002683,sz,宏大爆破,,,False,False
492,002682,sz,龙洲股份,,,False,False
493,002681,sz,奋达科技,,,False,False
494,002680,sz,长生生物,,,False,False
495,002679,sz,福建金森,,,False,False
496,002678,sz,珠江钢琴,,,False,False
497,002677,sz,浙江美大,,,False,False
498,002676,sz,顺威股份,,,False,False
499,002675,sz,东诚药业,,,False,False
500,002674,sz,兴业科技,,,False,False
501,002673,sz,西部证券,,,False,False
502,002672,sz,东江环保,,,False,False
503,002671,sz,龙泉股份,,,False,False
504,002670,sz,国盛金控,,,False,False
505,002669,sz,康达新材,,,False,False
506,002668,sz,奥马电器,,,False,False
507,002667,sz,鞍重股份,,,False,False
508,002666,sz,德联集团,,,False,False
509,002665,sz,首航节能,,,False,False
510,002664,sz,信质电机,,,False,False
511,002663,sz,普邦股份,,,False,False
512,002662,sz,京威股份,,,False,False
513,002661,sz,克明面业,,,False,False
514,002660,sz,茂硕电源,,,False,False
515,002659,sz,中泰桥梁,,,False,False
516,002658,sz,雪迪龙,,,False,False
517,002657,sz,中科金财,,,False,False
518,002656,sz,摩登大道,,,False,False
519,002655,sz,共达电声,,,False,False
520,002654,sz,万润科技,,,False,False
521,002653,sz,海思科,,,False,False
522,002652,sz,扬子新材,,,False,False
523,002651,sz,利君股份,,,False,False
524,002650,sz,加加食品,,,False,False
525,002649,sz,博彦科技,,,False,False
526,002648,sz,卫星石化,,,False,False
527,002647,sz,民盛金科,,,False,False
528,002646,sz,青青稞酒,,,False,False
529,002645,sz,华宏科技,,,False,False
530,002644,sz,佛慈制药,,,False,False
531,002643,sz,万润股份,,,False,False
532,002642,sz,荣之联,,,False,False
533,002641,sz,永高股份,,,False,False
534,002640,sz,跨境通,,,False,False
535,002639,sz,雪人股份,,,False,False
536,002638,sz,勤上股份,,,False,False
537,002637,sz,赞宇科技,,,False,False
538,002636,sz,金安国纪,,,False,False
539,002635,sz,安洁科技,,,False,False
540,002634,sz,棒杰股份,,,False,False
541,002633,sz,申科股份,,,False,False
542,002632,sz,道明光学,,,False,False
543,002631,sz,德尔未来,,,False,False
544,002630,sz,华西能源,,,False,False
545,002629,sz,仁智股份,,,False,False
546,002628,sz,成都路桥,,,False,False
547,002627,sz,宜昌交运,,,False,False
548,002626,sz,金达威,,,False,False
549,002625,sz,光启技术,,,False,False
550,002624,sz,完美世界,,,False,False
551,002623,sz,亚玛顿,,,False,False
552,002622,sz,融钰集团,,,False,False
553,002621,sz,三垒股份,,,False,False
554,002620,sz,瑞和股份,,,False,False
555,002619,sz,艾格拉斯,,,False,False
556,002618,sz,丹邦科技,,,False,False
557,002617,sz,露笑科技,,,False,False
558,002616,sz,长青集团,,,False,False
559,002615,sz,哈尔斯,,,False,False
560,002614,sz,奥佳华,,,False,False
561,002613,sz,北玻股份,,,False,False
562,002612,sz,朗姿股份,,,False,False
563,002611,sz,东方精工,,,False,False
564,002610,sz,爱康科技,,,False,False
565,002609,sz,捷顺科技,,,False,False
566,002608,sz,江苏国信,,,False,False
567,002607,sz,亚夏汽车,,,False,False
568,002606,sz,大连电瓷,,,False,False
569,002605,sz,姚记扑克,,,False,False
570,002604,sz,龙力生物,,,False,False
571,002603,sz,以岭药业,,,False,False
572,002602,sz,世纪华通,,,False,False
573,002601,sz,龙蟒佰利,,,False,False
574,002600,sz,江粉磁材,,,False,False
575,002599,sz,盛通股份,,,False,False
576,002598,sz,山东章鼓,,,False,False
577,002597,sz,金禾实业,,,False,False
578,002596,sz,海南瑞泽,,,False,False
579,002595,sz,豪迈科技,,,False,False
580,002594,sz,比亚迪,,,False,False
581,002593,sz,日上集团,,,False,False
582,002592,sz,八菱科技,,,False,False
583,002591,sz,恒大高新,,,False,False
584,002590,sz,万安科技,,,False,False
585,002589,sz,瑞康医药,,,False,False
586,002588,sz,史丹利,,,False,False
587,002587,sz,奥拓电子,,,False,False
588,002586,sz,围海股份,,,False,False
589,002585,sz,双星新材,,,False,False
590,002584,sz,西陇科学,,,False,False
591,002583,sz,海能达,,,False,False
592,002582,sz,好想你,,,False,False
593,002581,sz,未名医药,,,False,False
594,002580,sz,圣阳股份,,,False,False
595,002579,sz,中京电子,,,False,False
596,002578,sz,闽发铝业,,,False,False
597,002577,sz,雷柏科技,,,False,False
598,002576,sz,通达动力,,,False,False
599,002575,sz,群兴玩具,,,False,False
600,002574,sz,明牌珠宝,,,False,False
601,002573,sz,清新环境,,,False,False
602,002572,sz,索菲亚,,,False,False
603,002571,sz,*ST德力,,,False,False
604,002570,sz,贝因美,,,False,False
605,002569,sz,步森股份,,,False,False
606,002568,sz,百润股份,,,False,False
607,002567,sz,唐人神,,,False,False
608,002566,sz,益盛药业,,,False,False
609,002565,sz,顺灏股份,,,False,False
610,002564,sz,天沃科技,,,False,False
611,002563,sz,森马服饰,,,False,False
612,002562,sz,兄弟科技,,,False,False
613,002561,sz,徐家汇,,,False,False
614,002560,sz,通达股份,,,False,False
615,002559,sz,亚威股份,,,False,False
616,002558,sz,巨人网络,,,False,False
617,002557,sz,洽洽食品,,,False,False
618,002556,sz,辉隆股份,,,False,False
619,002555,sz,三七互娱,,,False,False
620,002554,sz,惠博普,,,False,False
621,002553,sz,南方轴承,,,False,False
622,002552,sz,宝鼎科技,,,False,False
623,002551,sz,尚荣医疗,,,False,False
624,002550,sz,千红制药,,,False,False
625,002549,sz,凯美特气,,,False,False
626,002548,sz,金新农,,,False,False
627,002547,sz,春兴精工,,,False,False
628,002546,sz,新联电子,,,False,False
629,002545,sz,东方铁塔,,,False,False
630,002544,sz,杰赛科技,,,False,False
631,002543,sz,万和电气,,,False,False
632,002542,sz,中化岩土,,,False,False
633,002541,sz,鸿路钢构,,,False,False
634,002540,sz,亚太科技,,,False,False
635,002539,sz,云图控股,,,False,False
636,002538,sz,司尔特,,,False,False
637,002537,sz,海联金汇,,,False,False
638,002536,sz,西泵股份,,,False,False
639,002535,sz,林州重机,,,False,False
640,002534,sz,杭锅股份,,,False,False
641,002533,sz,金杯电工,,,False,False
642,002532,sz,新界泵业,,,False,False
643,002531,sz,天顺风能,,,False,False
644,002530,sz,金财互联,,,False,False
645,002529,sz,海源机械,,,False,False
646,002528,sz,英飞拓,,,False,False
647,002527,sz,新时达,,,False,False
648,002526,sz,山东矿机,,,False,False
649,002524,sz,光正集团,,,False,False
650,002523,sz,天桥起重,,,False,False
651,002522,sz,浙江众成,,,False,False
652,002521,sz,齐峰新材,,,False,False
653,002520,sz,日发精机,,,False,False
654,002519,sz,银河电子,,,False,False
655,002518,sz,科士达,,,False,False
656,002517,sz,恺英网络,,,False,False
657,002516,sz,旷达科技,,,False,False
658,002515,sz,金字火腿,,,False,False
659,002514,sz,宝馨科技,,,False,False
660,002513,sz,蓝丰生化,,,False,False
661,002512,sz,达华智能,,,False,False
662,002511,sz,中顺洁柔,,,False,False
663,002510,sz,天汽模,,,False,False
664,002509,sz,天广中茂,,,False,False
665,002508,sz,老板电器,,,False,False
666,002507,sz,涪陵榨菜,,,False,False
667,002506,sz,协鑫集成,,,False,False
668,002505,sz,大康农业,,,False,False
669,002504,sz,*ST弘高,,,False,False
670,002503,sz,搜于特,,,False,False
671,002502,sz,骅威文化,,,False,False
672,002501,sz,利源精制,,,False,False
673,002500,sz,山西证券,,,False,False
674,002499,sz,科林环保,,,False,False
675,002498,sz,汉缆股份,,,False,False
676,002497,sz,雅化集团,,,False,False
677,002496,sz,辉丰股份,,,False,False
678,002495,sz,佳隆股份,,,False,False
679,002494,sz,华斯股份,,,False,False
680,002493,sz,荣盛石化,,,False,False
681,002492,sz,恒基达鑫,,,False,False
682,002491,sz,通鼎互联,,,False,False
683,002490,sz,*ST墨龙,,,False,False
684,002489,sz,浙江永强,,,False,False
685,002488,sz,金固股份,,,False,False
686,002487,sz,大金重工,,,False,False
687,002486,sz,嘉麟杰,,,False,False
688,002485,sz,希努尔,,,False,False
689,002484,sz,江海股份,,,False,False
690,002483,sz,润邦股份,,,False,False
691,002482,sz,广田集团,,,False,False
692,002481,sz,双塔食品,,,False,False
693,002480,sz,新筑股份,,,False,False
694,002479,sz,富春环保,,,False,False
695,002478,sz,常宝股份,,,False,False
696,002477,sz,雏鹰农牧,,,False,False
697,002476,sz,宝莫股份,,,False,False
698,002475,sz,立讯精密,,,False,False
699,002474,sz,榕基软件,,,False,False
700,002473,sz,*ST圣莱,,,False,False
701,002472,sz,双环传动,,,False,False
702,002471,sz,中超控股,,,False,False
703,002470,sz,金正大,,,False,False
704,002469,sz,三维工程,,,False,False
705,002468,sz,申通快递,,,False,False
706,002467,sz,二六三,,,False,False
707,002466,sz,天齐锂业,,,False,False
708,002465,sz,海格通信,,,False,False
709,002464,sz,金利科技,,,False,False
710,002463,sz,沪电股份,,,False,False
711,002462,sz,嘉事堂,,,False,False
712,002461,sz,珠江啤酒,,,False,False
713,002460,sz,赣锋锂业,,,False,False
714,002459,sz,天业通联,,,False,False
715,002458,sz,益生股份,,,False,False
716,002457,sz,青龙管业,,,False,False
717,002456,sz,欧菲光,,,False,False
718,002455,sz,百川股份,,,False,False
719,002454,sz,松芝股份,,,False,False
720,002453,sz,天马精化,,,False,False
721,002452,sz,长高集团,,,False,False
722,002451,sz,摩恩电气,,,False,False
723,002450,sz,康得新,,,False,False
724,002449,sz,国星光电,,,False,False
725,002448,sz,中原内配,,,False,False
726,002447,sz,壹桥股份,,,False,False
727,002446,sz,盛路通信,,,False,False
728,002445,sz,中南文化,,,False,False
729,002444,sz,巨星科技,,,False,False
730,002443,sz,金洲管道,,,False,False
731,002442,sz,龙星化工,,,False,False
732,002441,sz,众业达,,,False,False
733,002440,sz,闰土股份,,,False,False
734,002439,sz,启明星辰,,,False,False
735,002438,sz,江苏神通,,,False,False
736,002437,sz,誉衡药业,,,False,False
737,002436,sz,兴森科技,,,False,False
738,002435,sz,长江润发,,,False,False
739,002434,sz,万里扬,,,False,False
740,002433,sz,太安堂,,,False,False
741,002432,sz,九安医疗,,,False,False
742,002431,sz,棕榈股份,,,False,False
743,002430,sz,杭氧股份,,,False,False
744,002429,sz,兆驰股份,,,False,False
745,002428,sz,云南锗业,,,False,False
746,002427,sz,尤夫股份,,,False,False
747,002426,sz,胜利精密,,,False,False
748,002425,sz,凯撒文化,,,False,False
749,002424,sz,贵州百灵,,,False,False
750,002423,sz,中原特钢,,,False,False
751,002422,sz,科伦药业,,,False,False
752,002421,sz,达实智能,,,False,False
753,002420,sz,毅昌股份,,,False,False
754,002419,sz,天虹股份,,,False,False
755,002418,sz,康盛股份,,,False,False
756,002417,sz,三元达,,,False,False
757,002416,sz,爱施德,,,False,False
758,002415,sz,海康威视,,,False,False
759,002414,sz,高德红外,,,False,False
760,002413,sz,雷科防务,,,False,False
761,002412,sz,汉森制药,,,False,False
762,002411,sz,必康股份,,,False,False
763,002410,sz,广联达,,,False,False
764,002409,sz,雅克科技,,,False,False
765,002408,sz,齐翔腾达,,,False,False
766,002407,sz,多氟多,,,False,False
767,002406,sz,远东传动,,,False,False
768,002405,sz,四维图新,,,False,False
769,002404,sz,嘉欣丝绸,,,False,False
770,002403,sz,爱仕达,,,False,False
771,002402,sz,和而泰,,,False,False
772,002401,sz,中远海科,,,False,False
773,002400,sz,省广股份,,,False,False
774,002399,sz,海普瑞,,,False,False
775,002398,sz,建研集团,,,False,False
776,002397,sz,梦洁股份,,,False,False
777,002396,sz,星网锐捷,,,False,False
778,002395,sz,双象股份,,,False,False
779,002394,sz,联发股份,,,False,False
780,002393,sz,力生制药,,,False,False
781,002392,sz,北京利尔,,,False,False
782,002391,sz,长青股份,,,False,False
783,002390,sz,信邦制药,,,False,False
784,002389,sz,南洋科技,,,False,False
785,002388,sz,新亚制程,,,False,False
786,002387,sz,黑牛食品,,,False,False
787,002386,sz,天原集团,,,False,False
788,002385,sz,大北农,,,False,False
789,002384,sz,东山精密,,,False,False
790,002383,sz,合众思壮,,,False,False
791,002382,sz,蓝帆医疗,,,False,False
792,002381,sz,双箭股份,,,False,False
793,002380,sz,科远股份,,,False,False
794,002379,sz,宏创控股,,,False,False
795,002378,sz,章源钨业,,,False,False
796,002377,sz,国创高新,,,False,False
797,002376,sz,新北洋,,,False,False
798,002375,sz,亚厦股份,,,False,False
799,002374,sz,丽鹏股份,,,False,False
800,002373,sz,千方科技,,,False,False
801,002372,sz,伟星新材,,,False,False
802,002371,sz,北方华创,,,False,False
803,002370,sz,亚太药业,,,False,False
804,002369,sz,卓翼科技,,,False,False
805,002368,sz,太极股份,,,False,False
806,002367,sz,康力电梯,,,False,False
807,002366,sz,台海核电,,,False,False
808,002365,sz,永安药业,,,False,False
809,002364,sz,中恒电气,,,False,False
810,002363,sz,隆基机械,,,False,False
811,002362,sz,汉王科技,,,False,False
812,002361,sz,神剑股份,,,False,False
813,002360,sz,同德化工,,,False,False
814,002359,sz,齐星铁塔,,,False,False
815,002358,sz,森源电气,,,False,False
816,002357,sz,富临运业,,,False,False
817,002356,sz,赫美集团,,,False,False
818,002355,sz,兴民智通,,,False,False
819,002354,sz,天神娱乐,,,False,False
820,002353,sz,杰瑞股份,,,False,False
821,002352,sz,顺丰控股,,,False,False
822,002351,sz,漫步者,,,False,False
823,002350,sz,北京科锐,,,False,False
824,002349,sz,精华制药,,,False,False
825,002348,sz,高乐股份,,,False,False
826,002347,sz,泰尔股份,,,False,False
827,002346,sz,柘中股份,,,False,False
828,002345,sz,潮宏基,,,False,False
829,002344,sz,海宁皮城,,,False,False
830,002343,sz,慈文传媒,,,False,False
831,002342,sz,巨力索具,,,False,False
832,002341,sz,新纶科技,,,False,False
833,002340,sz,格林美,,,False,False
834,002339,sz,积成电子,,,False,False
835,002338,sz,奥普光电,,,False,False
836,002337,sz,赛象科技,,,False,False
837,002336,sz,人人乐,,,False,False
838,002335,sz,科华恒盛,,,False,False
839,002334,sz,英威腾,,,False,False
840,002333,sz,罗普斯金,,,False,False
841,002332,sz,仙琚制药,,,False,False
842,002331,sz,皖通科技,,,False,False
843,002330,sz,得利斯,,,False,False
844,002329,sz,皇氏集团,,,False,False
845,002328,sz,新朋股份,,,False,False
846,002327,sz,富安娜,,,False,False
847,002326,sz,永太科技,,,False,False
848,002325,sz,洪涛股份,,,False,False
849,002324,sz,普利特,,,False,False
850,002323,sz,雅百特,,,False,False
851,002322,sz,理工环科,,,False,False
852,002321,sz,华英农业,,,False,False
853,002320,sz,海峡股份,,,False,False
854,002319,sz,乐通股份,,,False,False
855,002318,sz,久立特材,,,False,False
856,002317,sz,众生药业,,,False,False
857,002316,sz,键桥通讯,,,False,False
858,002315,sz,焦点科技,,,False,False
859,002314,sz,南山控股,,,False,False
860,002313,sz,日海通讯,,,False,False
861,002312,sz,*ST三泰,,,False,False
862,002311,sz,海大集团,,,False,False
863,002310,sz,东方园林,,,False,False
864,002309,sz,中利集团,,,False,False
865,002308,sz,威创股份,,,False,False
866,002307,sz,北新路桥,,,False,False
867,002306,sz,*ST云网,,,False,False
868,002305,sz,南国置业,,,False,False
869,002304,sz,洋河股份,,,False,False
870,002303,sz,美盈森,,,False,False
871,002302,sz,西部建设,,,False,False
872,002301,sz,齐心集团,,,False,False
873,002300,sz,太阳电缆,,,False,False
874,002299,sz,圣农发展,,,False,False
875,002298,sz,中电鑫龙,,,False,False
876,002297,sz,博云新材,,,False,False
877,002296,sz,辉煌科技,,,False,False
878,002295,sz,精艺股份,,,False,False
879,002294,sz,信立泰,,,False,False
880,002293,sz,罗莱生活,,,False,False
881,002292,sz,奥飞娱乐,,,False,False
882,002291,sz,星期六,,,False,False
883,002290,sz,中科新材,,,False,False
884,002289,sz,宇顺电子,,,False,False
885,002288,sz,超华科技,,,False,False
886,002287,sz,奇正藏药,,,False,False
887,002286,sz,保龄宝,,,False,False
888,002285,sz,世联行,,,False,False
889,002284,sz,亚太股份,,,False,False
890,002283,sz,天润曲轴,,,False,False
891,002282,sz,博深工具,,,False,False
892,002281,sz,光迅科技,,,False,False
893,002280,sz,联络互动,,,False,False
894,002279,sz,久其软件,,,False,False
895,002278,sz,神开股份,,,False,False
896,002277,sz,友阿股份,,,False,False
897,002276,sz,万马股份,,,False,False
898,002275,sz,桂林三金,,,False,False
899,002274,sz,华昌化工,,,False,False
900,002273,sz,水晶光电,,,False,False
901,002272,sz,川润股份,,,False,False
902,002271,sz,东方雨虹,,,False,False
903,002270,sz,华明装备,,,False,False
904,002269,sz,美邦服饰,,,False,False
905,002268,sz,卫 士 通,,,False,False
906,002267,sz,陕天然气,,,False,False
907,002266,sz,浙富控股,,,False,False
908,002265,sz,西仪股份,,,False,False
909,002264,sz,新 华 都,,,False,False
910,002263,sz,大 东 南,,,False,False
911,002262,sz,恩华药业,,,False,False
912,002261,sz,拓维信息,,,False,False
913,002260,sz,德奥通航,,,False,False
914,002259,sz,升达林业,,,False,False
915,002258,sz,利尔化学,,,False,False
916,002256,sz,兆新股份,,,False,False
917,002255,sz,海陆重工,,,False,False
918,002254,sz,泰和新材,,,False,False
919,002253,sz,川大智胜,,,False,False
920,002252,sz,上海莱士,,,False,False
921,002251,sz,步 步 高,,,False,False
922,002250,sz,联化科技,,,False,False
923,002249,sz,大洋电机,,,False,False
924,002248,sz,*ST东数,,,False,False
925,002247,sz,帝龙文化,,,False,False
926,002246,sz,北化股份,,,False,False
927,002245,sz,澳洋顺昌,,,False,False
928,002244,sz,滨江集团,,,False,False
929,002243,sz,通产丽星,,,False,False
930,002242,sz,九阳股份,,,False,False
931,002241,sz,歌尔股份,,,False,False
932,002240,sz,威华股份,,,False,False
933,002239,sz,奥特佳,,,False,False
934,002238,sz,天威视讯,,,False,False
935,002237,sz,恒邦股份,,,False,False
936,002236,sz,大华股份,,,False,False
937,002235,sz,安妮股份,,,False,False
938,002234,sz,民和股份,,,False,False
939,002233,sz,塔牌集团,,,False,False
940,002232,sz,启明信息,,,False,False
941,002231,sz,奥维通信,,,False,False
942,002230,sz,科大讯飞,,,False,False
943,002229,sz,鸿博股份,,,False,False
944,002228,sz,合兴包装,,,False,False
945,002227,sz,奥 特 迅,,,False,False
946,002226,sz,江南化工,,,False,False
947,002225,sz,濮耐股份,,,False,False
948,002224,sz,三 力 士,,,False,False
949,002223,sz,鱼跃医疗,,,False,False
950,002222,sz,福晶科技,,,False,False
951,002221,sz,东华能源,,,False,False
952,002220,sz,天宝食品,,,False,False
953,002219,sz,恒康医疗,,,False,False
954,002218,sz,拓日新能,,,False,False
955,002217,sz,合力泰,,,False,False
956,002216,sz,三全食品,,,False,False
957,002215,sz,诺 普 信,,,False,False
958,002214,sz,大立科技,,,False,False
959,002213,sz,特 尔 佳,,,False,False
960,002212,sz,南洋股份,,,False,False
961,002211,sz,宏达新材,,,False,False
962,002210,sz,飞马国际,,,False,False
963,002209,sz,达 意 隆,,,False,False
964,002208,sz,合肥城建,,,False,False
965,002207,sz,*ST准油,,,False,False
966,002206,sz,海 利 得,,,False,False
967,002205,sz,国统股份,,,False,False
968,002204,sz,大连重工,,,False,False
969,002203,sz,海亮股份,,,False,False
970,002202,sz,金风科技,,,False,False
971,002201,sz,九鼎新材,,,False,False
972,002200,sz,云投生态,,,False,False
973,002199,sz,东晶电子,,,False,False
974,002198,sz,嘉应制药,,,False,False
975,002197,sz,证通电子,,,False,False
976,002196,sz,方正电机,,,False,False
977,002195,sz,二三四五,,,False,False
978,002194,sz,武汉凡谷,,,False,False
979,002193,sz,如意集团,,,False,False
980,002192,sz,融捷股份,,,False,False
981,002191,sz,劲嘉股份,,,False,False
982,002190,sz,成飞集成,,,False,False
983,002189,sz,利达光电,,,False,False
984,002188,sz,巴士在线,,,False,False
985,002187,sz,广百股份,,,False,False
986,002186,sz,全 聚 德,,,False,False
987,002185,sz,华天科技,,,False,False
988,002184,sz,海得控制,,,False,False
989,002183,sz,怡 亚 通,,,False,False
990,002182,sz,云海金属,,,False,False
991,002181,sz,粤 传 媒,,,False,False
992,002180,sz,纳思达,,,False,False
993,002179,sz,中航光电,,,False,False
994,002178,sz,延华智能,,,False,False
995,002177,sz,御银股份,,,False,False
996,002176,sz,江特电机,,,False,False
997,002175,sz,东方网络,,,False,False
998,002174,sz,游族网络,,,False,False
999,002173,sz,创新医疗,,,False,False
1000,002172,sz,澳洋科技,,,False,False